{"nosql": [0.13483881950378418, 0.05511212348937988, 0.03955197334289551, 0.17658424377441406, 0.0488278865814209, 0.032431840896606445, 0.030105113983154297, 0.03408503532409668, 0.04615211486816406, 0.032980918884277344], "hybrid": [0.5679700374603271, 0.48617005348205566, 0.45688700675964355, 0.49184179306030273, 0.47756505012512207, 0.4644029140472412, 0.46927905082702637, 0.4226069450378418, 0.468731164932251, 0.4560549259185791], "rds": [0.2596862316131592, 0.3703010082244873, 0.3591480255126953, 0.3286910057067871, 0.3502168655395508, 0.3687460422515869, 0.3106520175933838, 0.35268616676330566, 0.2799191474914551, 0.3563270568847656], "sensitive": [0.4230308532714844, 0.4092600345611572, 0.39890408515930176, 0.3287937641143799, 0.4040508270263672, 0.3941938877105713, 0.5038228034973145, 0.4261631965637207, 0.5058128833770752, 0.4230787754058838]}